,,,,
-୨❀୧-ACCESSORIES-୨❀୧-,,,,
Links are in ascending Price Order,,,,
Product,Image,Price,Link,NOTE
"Western 
Belt ",CellImage,2.74,https://mulebuy.com/product/?shop_type=ali_1688&id=723646151261&ref=200016757,"[ From -
Miyocapet ]"
"Y2K 
Sunglasses",CellImage,2.87,https://mulebuy.com/product/?shop_type=taobao&id=759843352633&ref=200016757,"[ From -
AGstorm ]"
"Y2K 
Sunglasses",CellImage,2.88,https://mulebuy.com/product/?shop_type=taobao&id=670954414113&ref=200016757,"[ From -
Yumi ]"
"Hermes 
Belts",CellImage,3.01,https://mulebuy.com/product/?shop_type=ali_1688&id=749763107549&ref=200016757,[ 1688 Find ]
"Versace
Sunglasses",CellImage,4.24,https://mulebuy.com/product/?shop_type=taobao&id=645767881385&ref=200016757,[ TB Find ]
"Chrome Hearts
Belts",CellImage,4.55,https://mulebuy.com/product/?shop_type=taobao&id=803154916853&ref=200016757,"[ From -
C Studio ]"
"Gucci 
Belts",CellImage,4.58,https://mulebuy.com/product/?shop_type=taobao&id=637659544177&ref=200016757,[ TB Find ]
"Lil Peep
Cry Baby Hat",CellImage,6.21,https://mulebuy.com/product/?shop_type=taobao&id=643449482849&platform=TAOBAO&shoptype=TAOBAO&ref=200016757,[ TB Find ]
"Rayban
Sunglasses",CellImage,8.86,https://mulebuy.com/product/?shop_type=weidian&id=7227742469&ref=200016757,[ WD Find ]
"Rhinestone
Belts",CellImage,10.42,https://mulebuy.com/product/?shop_type=taobao&id=670557271622&ref=200016757,[ TB Find ]
"Saint Laurent 
Sunglasses",CellImage,11.31,https://mulebuy.com/product/?shop_type=weidian&id=7278009509&ref=200016757,"[ From -
Goodboy ]"
"Prada 
Sunglasses",CellImage,12.93,https://mulebuy.com/product/?shop_type=weidian&id=7241232380&ref=200016757,"[ From -
Sarashop ]"
"Gucci 
Sunglasses",CellImage,12.93,https://mulebuy.com/product/?shop_type=weidian&id=7240923793&ref=200016757,"[ From -
Sarashop ]"
"Balenciaga
Hat ",CellImage,13.13,https://mulebuy.com/product/?shop_type=weidian&id=4531237170&platform=WEIDIAN&shoptype=WEIDIAN&ref=200016757,"[ From -
Bears ]"
"Prada 
Beanies",CellImage,13.16,https://mulebuy.com/product/?shop_type=weidian&id=6935608353&platform=WEIDIAN&shoptype=WEIDIAN&ref=200016757,"[ From -
Bears ]"
"Prada 
Bucket Hats",CellImage,13.41,https://mulebuy.com/product/?shop_type=weidian&id=7102635195&ref=200016757,"[ From -
Vogue ]"
"Burberry
Sunglasses",CellImage,14.81,https://mulebuy.com/product/?shop_type=weidian&id=7262341503&ref=200024713&ref=200016757,"[ From -
CND ]"
"Prada
Sunglasses",CellImage,14.9,https://mulebuy.com/product/?shop_type=taobao&id=746222885160&platform=TAOBAO&shoptype=TAOBAO&ref=200016757,[ TB Find ]
"Spiderman
Hello Kitty
Ushanka Hat",CellImage,19.28,https://mulebuy.com/product/?shop_type=taobao&id=741829777547&ref=200016757,"[ From -
KAKAZZY ]"
"Acne Studios
Scarfs",CellImage,19.36,https://mulebuy.com/product/?shop_type=weidian&id=4061337935&platform=WEIDIAN&shoptype=WEIDIAN&ref=200016757,"[ From -
KK ]"
"Prada
Sunglasses",CellImage,20.05,https://mulebuy.com/product/?shop_type=ali_1688&id=853556816350&platform=ALI_1688&shoptype=ALI_1688&ref=200016757,"[ From -
JMM ]"
"Rhinestone 
Skull Belt ",CellImage,20.56,https://mulebuy.com/product?id=837477476706&platform=TAOBAO&searchInfo=https%3A%2F%2Fitem.taobao.com%2Fitem.htm%3Ffrom%3Dcart%26id%3D837477476706%26mi_id%3D0000DSsEvZswzp40vFUPxhBpyy9IyL-JUMgwnL1ng7mx8QE%26skuId%3D5650110100650%26spm%3Da1z0d.6639537%252F202410.item.d837477476706.20fd74849OQk0x%26upStreamPrice%3D10900&ref=200368580&ref=200016757,"[ From -
Loatang ]"
"Tom Ford
Sunglasses",CellImage,21.76,https://mulebuy.com/product/?shop_type=ali_1688&id=847546274043&platform=ALI_1688&shoptype=ALI_1688&ref=200016757,"[ From -
JMM ]"
"Gucci 
Belts",CellImage,25.61,https://mulebuy.com/product/?shop_type=weidian&id=2585591083&ref=200016757,"[ From -
Foreign Trade ]"
"Balenciaga
Sunglasses",CellImage,26.35,https://mulebuy.com/product?id=839576945323&platform=ALI_1688&searchInfo=https%3A%2F%2Fdetail.1688.com%2Foffer%2F839576945323.html%3F_t%3D1759703547241%26spm%3Da2615.7691456.co_1_0_wangpu_score_0_0_0_0_0_0_0000_0.0&ref=200024713&ref=200016757,"[ From -
JMM ]"
"Chanel 
Belts ",CellImage,26.73,https://mulebuy.com/product/?shop_type=weidian&id=4318192774&ref=200016757,"[ From -
Foreign Trade ]"
"Vivienne Westwood
Scarfs",CellImage,33.74,https://mulebuy.com/product/?shop_type=weidian&id=7288087458&platform=WEIDIAN&shoptype=WEIDIAN&ref=200016757,"[ From -
Bears ]"
"Saint Laurent
Belts",CellImage,34.09,https://mulebuy.com/product/?shop_type=weidian&id=7231404474&platform=WEIDIAN&shoptype=WEIDIAN&ref=200016757,"[ From -
Miss Chen ]"
"Acne Studios
Scarfs",CellImage,34.84,https://mulebuy.com/product/?shop_type=weidian&id=7306325189&platform=WEIDIAN&shoptype=WEIDIAN&ref=200016757,"[ From -
3125Tiger ]"
"Acne Studios
Scarfs",CellImage,34.84,https://mulebuy.com/product/?shop_type=weidian&id=7306301207&platform=WEIDIAN&shoptype=WEIDIAN&ref=200016757,"[ From -
3125Tiger ]"
"Saint Laurent
Belts",CellImage,35.54,https://mulebuy.com/product/?shop_type=weidian&id=4364124723&ref=200016757,"[ From -
KK ]"
"Hermes 
Belts",CellImage,35.64,https://mulebuy.com/product/?shop_type=weidian&id=7231442336&platform=WEIDIAN&shoptype=WEIDIAN&ref=200016757,"[ From -
Miss Chen ]"
"Burberry
Scarf",CellImage,36.23,https://mulebuy.com/product/?shop_type=weidian&id=5616371314&platform=WEIDIAN&shoptype=WEIDIAN&ref=200016757,"[ From -
Apple  ]"
"Dries Van Norten
 Gray Horsehair Belt",CellImage,37.07,https://mulebuy.com/product?id=949347895705&platform=TAOBAO,"[ From -
Bower Made ]"
"Prada 
Leather Hair Clip ",CellImage,37.22,https://mulebuy.com/product/?shop_type=weidian&id=7536734976&ref=200326322,"[ From -
William ]"
"Loewe 
Belts",CellImage,37.96,https://mulebuy.com/product/?shop_type=weidian&id=7231281162&platform=WEIDIAN&shoptype=WEIDIAN&ref=200016757,"[ From -
Miss Chen ]"
"Diesel
Belts",CellImage,40.54,https://mulebuy.com/product/?shop_type=weidian&id=7258240750&ref=200024713&ref=200016757,"[ From -
Vogue Square ]"
"Gucci 
Belts",CellImage,41.06,https://mulebuy.com/product/?shop_type=weidian&id=7230466265&platform=WEIDIAN&shoptype=WEIDIAN&ref=200016757,"[ From -
Miss Chen ]"
"Christian Dior
Sunglasses",CellImage,41.38,https://mulebuy.com/product/?shop_type=weidian&id=7326430158&platform=WEIDIAN&shoptype=WEIDIAN&ref=200016757,"[ From -
Bears ]"
"CCP
Drip Belt ",CellImage,41.74,https://mulebuy.com/product?id=973743800495&platform=TAOBAO&ref=200326322,"[ From -
NID ]"
"Diesel
 Belt",CellImage,41.78,https://mulebuy.com/product/?shop_type=weidian&id=6364337708&ref=200024713&ref=200016757,"[ From -
Cheese ]"
"Balenciaga
Sunglasses",CellImage,43.19,https://mulebuy.com/product/?shop_type=weidian&id=6540022757&ref=200016757,[ WD Find ]
"Chanel
Earmuffs",CellImage,46.28,https://mulebuy.com/product/?shop_type=taobao&id=843487334932&platform=TAOBAO&shoptype=TAOBAO&ref=200016757,"[ From -
Haley Haley ]"
"Miu Miu 
Sunglasses",CellImage,50,https://wang567.x.yupoo.com/albums/183108402?uid=1&isSubCate=false&referrercate=4578333,"[ From - 
WANG PU ]"
"Miu Miu 
Sunglasses",CellImage,50,https://wang567.x.yupoo.com/albums/164601825?uid=1&isSubCate=false&referrercate=4578333,"[ From - 
WANG PU ]"
"Balenciaga 
Sunglasses BB0284",CellImage,50,https://wang567.x.yupoo.com/albums/164117143?uid=1&isSubCate=false&referrercate=4577810,"[ From - 
WANG PU ]"
"Christian Dior
Wrap Around Sunglasses",CellImage,55.91,https://mulebuy.com/product/?shop_type=weidian&id=7537347780&ref=200326322,"[ From -
William ]"
"Chrome Hearts
Heart Charm Hair Tie",CellImage,60.81,https://mulebuy.com/product?id=840452726632&platform=TAOBAO&searchInfo=https%3A%2F%2Fitem.taobao.com%2Fitem.htm%3Ffrom%3Dcart%26id%3D840452726632%26mi_id%3D0000NyJ6iVcOC8qFO91pHLUi2KdvK1oB16sO-A5v8zKM2hI%26spm%3Da1z0d.6639537%252F202410.item.d840452726632.7de37484YGuAV0%26upStreamPrice%3D38000&ref=200368580&ref=200016757,"[ From - 
David Studio ]"
"Chrome Hearts
 S925 Hair Clip",CellImage,63.93,https://mulebuy.com/product?id=620947403110&platform=TAOBAO&searchInfo=https%3A%2F%2Fitem.taobao.com%2Fitem.htm%3Ffrom%3Dcart%26id%3D620947403110%26mi_id%3D0000DH39Hb7qeuT_zzsvmWzCBrfcB2AV1MK3eX54IByWpSg%26spm%3Da1z0d.6639537%252F202410.item.d620947403110.20fd74849OQk0x%26upStreamPrice%3D39300&ref=200368580&ref=200016757,"[ From -
Ikkyu ]"
You've Reached The Bottom Luv! <3,,,,