 ,,,,
-୨❀୧-BAGS-୨❀୧-,,,,
Determine The Best Bag For You!,,,,
General Factory Guide,,,--->,https://agentluxe.x.yupoo.com/albums/184130408?uid=1&isSubCate=false&referrercate=4775035
Understand what factory the bag in the spreadsheet is(x),,,--->,https://docs.google.com/spreadsheets/d/1wolUSCjgeMVBWWDeGR3p8G-vwonJ1byNaHs40zlNrbY/edit?usp=sharing
Links are in ascending Price Order,,,,
Product,Image,Price,Link,NOTE
"Dora
Backpacks",CellImage,5.7,https://mulebuy.com/product/?shop_type=taobao&id=674387912130&ref=200016757,[ TB Find ]
"Burberry
Cosmetic Pouch",CellImage,10.58,https://mulebuy.com/product?id=902033552885&platform=TAOBAO&ref=200016757,[ TB Find ]
"Diesel 
1DR shoulder Bag",CellImage,10.67,https://mulebuy.com/product/?shop_type=taobao&id=710578622704&ref=200016757,[ TB Find ]
"Alo Yoga
Tie-Dye Shopper Tote",CellImage,11.38,https://mulebuy.com/product/?shop_type=weidian&id=7517877074&ref=200024713&ref=200016757,"[ From -
Alo Yoga ]"
"Louis Vuitton 
Felicie Pochette",CellImage,19.63,https://mulebuy.com/product/?shop_type=weidian&id=6229030619&ref=200016757,"[ From -
Foreign Trade ]"
"Coach
Nolita",CellImage,24.27,https://mulebuy.com/product/?shop_type=weidian&id=6072419808&ref=200016757,"[ From -
IK ]"
"Kurt Geiger
Mini Kensington",CellImage,28.14,https://mulebuy.com/product/?shop_type=taobao&id=834894843438&ref=200016757,[ TB Find ]
"Saint Laurent 
Le 5 À 7 Handbag",CellImage,28.15,https://mulebuy.com/product/?shop_type=weidian&id=6563081019&ref=200016757,[ WD Find ]
"Prada 
Re Edition 2005",CellImage,29.13,https://mulebuy.com/product/?shop_type=weidian&id=4370842374&platform=WEIDIAN&shoptype=WEIDIAN&ref=200016757,"[ From -
Foreign Trade ]"
"Louis Vuitton
Pochette",CellImage,29.47,https://mulebuy.com/product/?shop_type=weidian&id=7231077314&ref=200016757,"[ From -
Foreign Trade ]"
"Louis Vuitton 
Croisette",CellImage,30,https://mulebuy.com/product/?shop_type=weidian&id=2613200269&ref=200016757,"[ From -
Foreign Trade ]"
"Gucci 
Marmont ",CellImage,30.14,https://mulebuy.com/product/?shop_type=weidian&id=3813405801&ref=200016757,"[ From -
Foreign Trade ]"
"Goyard
Duffle Bags",CellImage,30.81,https://mulebuy.com/product/?shop_type=weidian&id=7386602507&platform=WEIDIAN&shoptype=WEIDIAN&ref=200016757,"[ From -
CND Clothes ]"
"Vivienne Westwood
Shoulder Bag ",CellImage,30.89,https://mulebuy.com/product/?shop_type=weidian&id=7478928562&platform=WEIDIAN&shoptype=WEIDIAN&ref=200016757,"[ From -
KK ]"
"Louis Vuitton 
Crossbody Bag",CellImage,31.59,https://mulebuy.com/product/?shop_type=weidian&id=5387843757&ref=200016757,"[ From -
Foreign Trade ]"
"Saint Laurent 
Wallet on chain",CellImage,31.8,https://mulebuy.com/product/?shop_type=weidian&id=7227983584&ref=200016757,"[ From -
Foreign Trade ]"
"Saint Laurent
Kate Crossbody",CellImage,33.33,https://mulebuy.com/product/?shop_type=weidian&id=7228054052&ref=200016757,"[ From -
Foreign Trade ]"
"Gucci 
Ophidia Handbag",CellImage,33.33,https://mulebuy.com/product/?shop_type=weidian&id=6194033563&ref=200016757,"[ From -
Foreign Trade ]"
"Louis Vuitton 
Pochette Metis ",CellImage,34.58,https://mulebuy.com/product/?shop_type=weidian&id=7225026769&ref=200016757,"[ From -
Foreign Trade ]"
"Gucci 
Shoulder Bag",CellImage,34.61,https://mulebuy.com/product/?shop_type=weidian&id=2602838464&ref=200016757,"[ From -
Foreign Trade ]"
"Gucci 
Crossbody Bag",CellImage,36.12,https://mulebuy.com/product/?shop_type=weidian&id=4350274653&ref=200016757,"[ From -
Foreign Trade ]"
"Louis Vuitton 
Alma Monogram",CellImage,36.21,https://mulebuy.com/product/?shop_type=weidian&id=2658274203&ref=200016757,"[ From -
Foreign Trade ]"
"Gucci
Horsebit",CellImage,37.26,https://mulebuy.com/product/?shop_type=weidian&id=6191916118&ref=200016757,"[ From -
Foreign Trade ]"
"Louis Vuitton 
CarryAll Bag",CellImage,39.41,https://mulebuy.com/product/?shop_type=weidian&id=7247645001&ref=200016757,"[ From -
Foreign Trade ]"
"Michael Kors
Cora ",CellImage,40.03,https://mulebuy.com/product/?shop_type=weidian&id=7239397958&ref=200016757,"[ From -
Foreign Trade ]"
"Chrome Hearts 
Bowling Bag",CellImage,40.33,https://mulebuy.com/product/?shop_type=weidian&id=4672428970&ref=200016757,"[ From -
Bears ]"
"Louis Vuitton 
Nano Speedy",CellImage,40.43,https://mulebuy.com/product/?shop_type=weidian&id=7412014547&ref=200016757,"[ From -
Foreign Trade ]"
"Longchamp 
Le Pliage",CellImage,40.58,https://mulebuy.com/product/?shop_type=weidian&id=7264886994&ref=200016757,"[ From -
Vogue Square ]"
"Gucci 
Padlock",CellImage,41.85,https://mulebuy.com/product/?shop_type=weidian&id=7068246389&ref=200016757,"[ From -
Apple ]"
"Coach
Tabby",CellImage,42.18,https://mulebuy.com/product/?shop_type=weidian&id=7411486224&platform=WEIDIAN&shoptype=WEIDIAN&ref=200016757,"[ From -
Apple ]"
"Louis Vuitton 
Nano Diane",CellImage,43.44,https://mulebuy.com/product/?shop_type=weidian&id=7413450434&ref=200016757,"[ From -
Foreign Trade ]"
"Coach 
Kleo Hobo",CellImage,44.13,https://mulebuy.com/product/?shop_type=weidian&id=6063605212&ref=200016757,"[ From -
IK ]"
"Prada 
Moon Bag",CellImage,44.25,https://mulebuy.com/product/?shop_type=weidian&id=5899610067&ref=200016757,"[ From -
kK ]"
"Louis Vuitton 
Sunset Bag",CellImage,44.65,https://mulebuy.com/product/?shop_type=weidian&id=7444633180&ref=200016757,"[ From -
Vogue Square ]"
"Gucci 
Dionysus",CellImage,45.04,https://mulebuy.com/product/?shop_type=weidian&id=4398642057&ref=200016757,"[ From -
Apple ]"
"Coach 
Court Backpacks",CellImage,46.82,https://mulebuy.com/product/?shop_type=weidian&id=6218431812&ref=200016757,"[ From -
Foreign Trade ]"
"Gucci
Jackie",CellImage,47.17,https://mulebuy.com/product/?shop_type=weidian&id=4290909575&ref=200016757,"[ From -
Apple ]"
"Chanel
Beach Bag",CellImage,49.13,https://mulebuy.com/product/?shop_type=weidian&id=6155759927&platform=WEIDIAN&shoptype=WEIDIAN&ref=200016757,"[ From -
Bears ]"
"Saint Laurent 
Le 5 À 7 Handbag",CellImage,51.17,https://mulebuy.com/product/?shop_type=weidian&id=4360967099&ref=200016757,"[ From -
KK ]"
"Louis Vuitton 
Tote Bag",CellImage,51.43,https://mulebuy.com/product/?shop_type=weidian&id=7271141991&ref=200016757,"[ From -
Apple ]"
"Louis Vuitton 
CarryAll Bag",CellImage,53.04,https://mulebuy.com/product/?shop_type=weidian&id=7388583026&platform=WEIDIAN&shoptype=WEIDIAN&ref=200016757,"[ From -
Apple ]"
"Burberry
Crossbody",CellImage,54.08,https://mulebuy.com/product/?shop_type=weidian&id=7442653467&platform=WEIDIAN&shoptype=WEIDIAN&ref=200016757,"[ From -
KK ]"
"Lemaire
Belted Hobo Canvas Bag",CellImage,54.2,https://mulebuy.com/product?id=939898756266&platform=TAOBAO&ref=200326322,"[ From -
NieR Archive ]"
"Coach 
Tabby ",CellImage,54.61,https://mulebuy.com/product/?shop_type=weidian&id=3420146040&ref=200016757,"[ From -
IK ]"
"Balenciaga
Le Cagole",CellImage,54.65,https://mulebuy.com/product/?shop_type=weidian&id=4882178925&ref=200016757,"[ From -
Bears ]"
"MCM
Travel Bags",CellImage,55.62,https://mulebuy.com/product/?shop_type=weidian&id=7407655146&platform=WEIDIAN&shoptype=WEIDIAN&ref=200016757,"[ From -
Vogue Square ]"
"Balenciaga
Rodeo",CellImage,55.7,https://mulebuy.com/product/?shop_type=weidian&id=7244808199&ref=200016757,"[ From -
Bears ]"
"Coach
Tabby",CellImage,56.86,https://mulebuy.com/product/?shop_type=weidian&id=3420146040&platform=WEIDIAN&shoptype=WEIDIAN&ref=200016757,"[ From -
IK ]"
"Prada
Sidonie",CellImage,57.25,https://mulebuy.com/product/?shop_type=weidian&id=4273607313&ref=200016757,"[ From -
KK ]"
"Chrome Hearts
Shoulder Bag",CellImage,57.67,https://mulebuy.com/product/?shop_type=weidian&id=5668905959&ref=200016757,"[ From -
Apple ]"
"Vivienne Westwood 
Hazel Bag",CellImage,57.83,https://mulebuy.com/product/?shop_type=weidian&id=5508128744&ref=200016757,"[ From -
KK ]"
"Christian Dior 
Saddle Bag",CellImage,58.24,https://mulebuy.com/product/?shop_type=weidian&id=7261418901&ref=200016757,"[ From -
Vogue Square ]"
"Louis Vuitton
Travel Bag",CellImage,58.79,https://mulebuy.com/product/?shop_type=weidian&id=7393913564&ref=200016757,"[ From -
3125Tiger ]"
"Gucci
 Dionysus Super Mini",CellImage,62.21,https://mulebuy.com/product/?shop_type=weidian&id=7458720739&ref=200024713&ref=200016757,"[ From -
Miss Chen ]"
"Saint Laurent 
Sunset",CellImage,63.13,https://mulebuy.com/product/?shop_type=weidian&id=7304434574&ref=200016757,"[ From -
Vogue Square ]"
"Christian Dior 
Saddle Bag",CellImage,63.22,https://mulebuy.com/product/?shop_type=weidian&id=7326661164&ref=200016757,"[ From -
3125Tiger ]"
"Loewe 
Puzzle",CellImage,68.39,https://mulebuy.com/product/?shop_type=weidian&id=7327375233&ref=200016757,"[ From -
3125Tiger ]"
"Louis Vuitton 
Pochette Metis ",CellImage,75.48,https://mulebuy.com/product/?shop_type=weidian&id=5713757566&ref=200016757,"[ From -
Apple ]"
"Coach
  Brooklyn 39 ",CellImage,77.8,https://mulebuy.com/product/?shop_type=weidian&id=7424301271&ref=200024713&ref=200016757,"[ From -
Miss Chen ]"
"Hermes
Birkin",CellImage,84.62,https://mulebuy.com/product/?shop_type=weidian&id=7328023525&platform=WEIDIAN&shoptype=WEIDIAN&ref=200016757,"[ From -
Vogue Square ]"
"Louis Vuitton
Keepall Bag",CellImage,92.97,https://mulebuy.com/product/?shop_type=weidian&id=7477830328&platform=WEIDIAN&shoptype=WEIDIAN&ref=200016757,"[ From -
JJ ]"
"Gucci
  Aphrodite ",CellImage,93.55,https://mulebuy.com/product/?shop_type=weidian&id=7421407228&ref=200024713&ref=200016757,"[ From -
Miss Chen ]"
"Chrome Hearts
Denim Tote Bag",CellImage,95.22,https://mulebuy.com/product?id=939907592740&platform=TAOBAO&searchInfo=https%3A%2F%2Fitem.taobao.com%2Fitem.htm%3Ffrom%3Dcart%26id%3D939907592740%26mi_id%3D0000f1P1PorxUsY_Pem5U1UNOiDOXB42oYXSZm29CQ89vD4%26skuId%3D5835673813268%26spm%3Da1z0d.6639537%252F202410.item.d939907592740.7de37484YGuAV0%26upStreamPrice%3D50900&ref=200368580&ref=200016757,"[ From - 
NBHD ]"
"Maison Margiela
Military Crossbody",CellImage,99.37,https://mulebuy.com/product/?shop_type=weidian&id=7298265378&ref=200326322,"[ From -
Troublemaker ]"
"Louis Vuitton
Low Key (GOD)",CellImage,99.6,https://mulebuy.com/product/?shop_type=weidian&id=7237621901&ref=200016757,"[ From -
Scarlett ]"
"Louis Vuitton
Diane ",CellImage,101.34,https://mulebuy.com/product/?shop_type=weidian&id=6916806902&ref=200016757,"[ From -
R1 ]"
"Louis Vuitton
Neverfull",CellImage,112.73,https://mulebuy.com/product/?shop_type=weidian&id=7258457871&ref=200016757,"[ From -
Fashion God ]"
"Dolce Gabbana
Girls Bag",CellImage,116.23,https://mulebuy.com/product/?shop_type=weidian&id=7449702816&platform=WEIDIAN&shoptype=WEIDIAN&ref=200016757,"[ From -
Vogue Square ]"
"Louis Vuitton
Victoire",CellImage,119.46,https://mulebuy.com/product/?shop_type=weidian&id=7370133640&ref=200016757,"[ From -
Andy Made ]"
"Hermes
Togo",CellImage,120.09,https://mulebuy.com/product/?shop_type=weidian&id=7308999832&platform=WEIDIAN&shoptype=WEIDIAN&ref=200016757,"[ From -
Luxury Fashion ]"
"Prada
Backpack (CX)",CellImage,123.72,https://mulebuy.com/product/?shop_type=weidian&id=7423014658&platform=WEIDIAN&shoptype=WEIDIAN&ref=200016757,"[ From -
JJ ]"
"Chanel
Kelly Mini",CellImage,126.59,https://mulebuy.com/product/?shop_type=weidian&id=7239190738&ref=200016757,"[ From -
Sarashop ]"
"Louis Vuitton
Twist West",CellImage,136.21,https://mulebuy.com/product/?shop_type=weidian&id=7261586178&ref=200016757,"[ From -
Scarlett ]"
"Prada
 Galleria Saffiano (Yao)",CellImage,137.04,https://mulebuy.com/product/?shop_type=weidian&id=7476970338&ref=200024713&ref=200016757,"[ From -
Miss Chen ]"
"Hermes
Mini Kelly (P)",CellImage,149.33,https://mulebuy.com/product/?shop_type=weidian&id=7447528830&ref=200016757,"[ From -
Vogue Square ]"
"Jacquemus
Bambino (K)",CellImage,150.56,https://mulebuy.com/product/?shop_type=weidian&id=7227913903&ref=200016757,"[ From -
Scarlett ]"
"Louis Vuitton 
Felicie Pochette (UB)",CellImage,155.54,https://mulebuy.com/product/?shop_type=weidian&id=7499979603&platform=WEIDIAN&shoptype=WEIDIAN&ref=200016757,"[ From -
Mr Canvas ]"
"Balenciaga
Duty Free Tote Bag",CellImage,155.74,https://mulebuy.com/product/?shop_type=weidian&id=7560009238&ref=200024713&ref=200016757,"[ From -
William ]"
"Christian Dior 
Saddle Bag",CellImage,159.63,https://mulebuy.com/product/?shop_type=weidian&id=7248811219&ref=200016757,"[ From -
Scarlett ]"
"Versace
 La Medusa Tote (A0)",CellImage,161.37,https://mulebuy.com/product/?shop_type=weidian&id=6757455242&ref=200024713&ref=200016757,"[ From -
Scarlett ]"
"Christian Dior 
Velvet Saddle Bag",CellImage,164.66,https://mulebuy.com/product/?shop_type=weidian&id=2872128703&ref=200016757,"[ From -
Zoey ]"
Chrome Hearts Mini Patch Bowling Bag (Silver Plated),CellImage,165,https://www.goofish.com/item?spm=a21ybx.personal.feeds.125.26736ac2Fh0cRV&id=967619729557&categoryId=50122002,https://myia.gitbook.io/miki/current-projects/m-and-j-v.2.0.1/xianyu-guide-v.3.0.3m
"Gucci
Ophidia Shoulder (OS)",CellImage,165.57,https://mulebuy.com/product/?shop_type=weidian&id=7491026881&ref=200024713&ref=200016757,"[ From -
Scarlett ]"
"Prada
Shoulder Bag (Yao)",CellImage,172.59,https://mulebuy.com/product/?shop_type=weidian&id=7557796801&ref=200024713&ref=200016757,"[ From -
Scarlett ]"
"Goyard
Goyardine",CellImage,181.86,https://mulebuy.com/product/?shop_type=weidian&id=7307962322&platform=WEIDIAN&shoptype=WEIDIAN&ref=200016757,"[ From -
Mr Canvas ]"
"Prada
 Saffiano (BF)",CellImage,182.41,https://mulebuy.com/product/?shop_type=weidian&id=7392723639&ref=200024713&ref=200016757,"[ From -
Mr Canvas ]"
"Loewe
Puzzle Bag",CellImage,183.42,https://mulebuy.com/product/?shop_type=weidian&id=7516956910&platform=WEIDIAN&shoptype=WEIDIAN&ref=200016757,"[ From -
Mr Canvas ]"
"BVLGARI
Serpenti",CellImage,184.2,https://mulebuy.com/product/?shop_type=weidian&id=7357087076&platform=WEIDIAN&shoptype=WEIDIAN&ref=200016757,"[ From -
Luxury Fashion ]"
"Saint Laurent 
Sunset Medium (NS)",CellImage,188.2,https://mulebuy.com/product/?shop_type=weidian&id=6073089091&ref=200016757,"[ From -
Scarlett ]"
"Louis Vuitton
 Pochette Bloom (DF)",CellImage,189.43,https://mulebuy.com/product/?shop_type=weidian&id=7540188177&ref=200024713&ref=200016757,"[ From -
Scarlett ]"
"Louis Vuitton
LockMe (HH)",CellImage,189.99,https://mulebuy.com/product/?shop_type=weidian&id=6013685384&ref=200016757,"[ From -
Scarlett ]"
Chrome Hearts Fleur Cow Print Tote (925 Silver),CellImage,190,https://www.goofish.com/item?spm=a21ybx.personal.feeds.219.26736ac2Fh0cRV&id=961668469850&categoryId=50122002,https://myia.gitbook.io/miki/current-projects/m-and-j-v.2.0.1/xianyu-guide-v.3.0.3m
"Louis Vuitton
CarryAll PM (HH)",CellImage,190.98,https://mulebuy.com/product/?shop_type=weidian&id=7299210677&ref=200016757,"[ From -
Scarlett ]"
"Burberry
Highlands Tote (YK)",CellImage,193.64,https://mulebuy.com/product/?shop_type=weidian&id=7565252435&ref=200024713&ref=200016757,"[ From -
Scarlett ]"
"Louis Vuitton
Go 14 MM (HH)",CellImage,195.02,https://mulebuy.com/product/?shop_type=weidian&id=7289197415&ref=200016757,"[ From -
Scarlett ]"
"Louis Vuitton
Keepall Bag (HH)",CellImage,195.17,https://mulebuy.com/product/?shop_type=weidian&id=5878553088&ref=200016757,"[ From -
Scarlett ]"
Chrome Hearts Dagger Purse (925 Silver),CellImage,200,https://www.goofish.com/item?spm=a21ybx.personal.feeds.124.26736ac2Fh0cRV&id=901061008465&categoryId=50122002,https://myia.gitbook.io/miki/current-projects/m-and-j-v.2.0.1/xianyu-guide-v.3.0.3m
"Saint Laurent 
Le 5 A 7 Hobo (BF)",CellImage,202.07,https://mulebuy.com/product/?shop_type=weidian&id=7395144656&platform=WEIDIAN&shoptype=WEIDIAN&ref=200016757,"[ From -
Mr Canvas ]"
"Louis Vuitton
Twist One (HH)",CellImage,203.53,https://mulebuy.com/product/?shop_type=weidian&id=6217853617&ref=200016757,"[ From -
Scarlett ]"
"Goyard
  Jeanne Bowler (Afen)",CellImage,215.15,https://mulebuy.com/product/?shop_type=weidian&id=7305724882&ref=200024713&ref=200016757,"[ From -
Mr Canvas ]"
Chrome Hearts Red Dagger Purse (925 Silver),CellImage,225,https://www.goofish.com/item?spm=a21ybx.personal.feeds.269.26736ac2Fh0cRV&id=896016499987&categoryId=50122002,https://myia.gitbook.io/miki/current-projects/m-and-j-v.2.0.1/xianyu-guide-v.3.0.3m
"Saint Laurent
Le 5 à 7 Bea Tote Bag",CellImage,241.66,https://mulebuy.com/product/?shop_type=weidian&id=7399811316&ref=200024713&ref=200016757,"[ From -
Alexander ]"
"Louis Vuitton
Low Key (UB)",CellImage,246.93,https://mulebuy.com/product/?shop_type=weidian&id=7399787569&ref=200016757,"[ From -
Mr Canvas ]"
Chrome Hearts Triple Patch Leather Tote (Silver Plated),CellImage,250,https://www.goofish.com/item?spm=a21ybx.personal.feeds.144.26736ac2Fh0cRV&id=905114753200&categoryId=50122002,https://myia.gitbook.io/miki/current-projects/m-and-j-v.2.0.1/xianyu-guide-v.3.0.3m
"Loewe
Puzzle Biker",CellImage,267.35,https://mulebuy.com/product/?shop_type=weidian&id=7516990698&platform=WEIDIAN&shoptype=WEIDIAN&ref=200016757,"[ From -
Mr Canvas ]"
"Louis Vuitton
Boulogne (UB)",CellImage,270.56,https://mulebuy.com/product/?shop_type=weidian&id=7307801430&ref=200016757,"[ From -
Scarlett ]"
"Delvaux Brillant
 Mini Surpique (NIU)",CellImage,273.62,https://mulebuy.com/product/?shop_type=weidian&id=7291987666&ref=200024713&ref=200016757,"[ From -
Scarlett ]"
"Balenciaga
Le Cagole Crossbody",CellImage,311.14,https://mulebuy.com/product/?shop_type=weidian&id=7558120529&ref=200326322,"[ From -
William ]"
"Saint Laurent
Maxi Icare (BF)",CellImage,326.42,https://mulebuy.com/product/?shop_type=weidian&id=7428735482&platform=WEIDIAN&shoptype=WEIDIAN&ref=200016757,"[ From -
Mr Canvas ]"
"Saint Laurent 
Le 5 A 7 Bea (BF)",CellImage,326.42,https://mulebuy.com/product/?shop_type=weidian&id=7395838421&platform=WEIDIAN&shoptype=WEIDIAN&ref=200016757,"[ From -
Mr Canvas ]"
Chrome Hearts Mini Bag (925 Silver),CellImage,350,https://www.goofish.com/item?spm=a21ybx.personal.feeds.262.26736ac2Fh0cRV&id=956879317415&categoryId=50122002,https://myia.gitbook.io/miki/current-projects/m-and-j-v.2.0.1/xianyu-guide-v.3.0.3m
Chrome Hearts Fleur Patch Tote (925 Silver),CellImage,360,https://www.goofish.com/item?spm=a21ybx.personal.feeds.192.26736ac2Fh0cRV&id=964331518401&categoryId=50122002,https://myia.gitbook.io/miki/current-projects/m-and-j-v.2.0.1/xianyu-guide-v.3.0.3m
"Christian Dior
 Grand Tour Bowling Bag",CellImage,372.08,https://mulebuy.com/product/?shop_type=weidian&id=7541960871&ref=200326322,"[ From -
William ]"
Chrome Hearts Sling Stitch Mini Belt Bag (925 Silver),CellImage,385,https://www.goofish.com/item?spm=a21ybx.personal.feeds.127.26736ac2Fh0cRV&id=967619501587&categoryId=50122002,https://myia.gitbook.io/miki/current-projects/m-and-j-v.2.0.1/xianyu-guide-v.3.0.3m
"Chanel 
Military Graffiti",CellImage,387.5,https://mulebuy.com/product/?shop_type=weidian&id=5718024892&ref=200326322,"[ From -
Big Money W ]"
Chrome Hearts Mini Sling Belt Bag (925 Silver),CellImage,390,https://www.goofish.com/item?spm=a21ybx.personal.feeds.132.26736ac2Fh0cRV&id=966936922078&categoryId=50122002,https://myia.gitbook.io/miki/current-projects/m-and-j-v.2.0.1/xianyu-guide-v.3.0.3m
Chrome Hearts Triple Patch Belt Bag (925 Silver) ,CellImage,400,https://www.goofish.com/item?spm=a21ybx.personal.feeds.128.26736ac2Fh0cRV&id=967619589338&categoryId=50122002,https://myia.gitbook.io/miki/current-projects/m-and-j-v.2.0.1/xianyu-guide-v.3.0.3m
Chrome Hearts Denim Mini Patch Belt Bag (925 Silver),CellImage,415,https://www.goofish.com/item?spm=a21ybx.personal.feeds.134.26736ac2Fh0cRV&id=968239636355&categoryId=50122002,https://myia.gitbook.io/miki/current-projects/m-and-j-v.2.0.1/xianyu-guide-v.3.0.3m
Chrome Hearts Camo Sling mini Belt Bag (925 Silver),CellImage,417,https://www.goofish.com/item?spm=a21ybx.personal.feeds.137.26736ac2Fh0cRV&id=968111580926&categoryId=50122002,https://myia.gitbook.io/miki/current-projects/m-and-j-v.2.0.1/xianyu-guide-v.3.0.3m
Chrome Hearts Sling Stitch mini Belt Bag (925 Silver),CellImage,448,https://www.goofish.com/item?spm=a21ybx.personal.feeds.131.26736ac2Fh0cRV&id=966936986147&categoryId=50122002,https://myia.gitbook.io/miki/current-projects/m-and-j-v.2.0.1/xianyu-guide-v.3.0.3m
Chrome Hearts Cami Sling Belt Bag (925 Silver),CellImage,450,https://www.goofish.com/item?spm=a21ybx.personal.feeds.138.26736ac2Fh0cRV&id=968111740332&categoryId=50122002,https://myia.gitbook.io/miki/current-projects/m-and-j-v.2.0.1/xianyu-guide-v.3.0.3m
Chrome Hearts Denim Patch Belt Bag (925 Silver),CellImage,450,https://www.goofish.com/item?spm=a21ybx.personal.feeds.133.26736ac2Fh0cRV&id=966936614406&categoryId=50122002,https://myia.gitbook.io/miki/current-projects/m-and-j-v.2.0.1/xianyu-guide-v.3.0.3m
"Hermes
Birkin 45 (Fantasy)",CellImage,464.13,https://mulebuy.com/product?id=938714602402&platform=TAOBAO,"[ From -
NID ]"
Chrome Hearts Sling Patch Mini Belt Bag (925 Silver),CellImage,491,https://www.goofish.com/item?spm=a21ybx.personal.feeds.126.26736ac2Fh0cRV&id=966937010815&categoryId=50122002,https://myia.gitbook.io/miki/current-projects/m-and-j-v.2.0.1/xianyu-guide-v.3.0.3m
"Chrome Hearts Pink Cross Tote (Rhodium Plating, 925 Silver)",CellImage,510,https://www.goofish.com/item?spm=a21ybx.personal.feeds.141.26736ac2Fh0cRV&id=967812916877&categoryId=50122002,https://myia.gitbook.io/miki/current-projects/m-and-j-v.2.0.1/xianyu-guide-v.3.0.3m
Chrome Hearts White Patch belt Bag (925 Silver),CellImage,550,https://www.goofish.com/item?spm=a21ybx.personal.feeds.263.26736ac2Fh0cRV&id=922966935783&categoryId=50122002,https://myia.gitbook.io/miki/current-projects/m-and-j-v.2.0.1/xianyu-guide-v.3.0.3m
Chrome Hearts Multi Patch Sling Belt Bag (925 Silver),CellImage,560,https://www.goofish.com/item?spm=a21ybx.personal.feeds.129.26736ac2Fh0cRV&id=966435767721&categoryId=50122002,https://myia.gitbook.io/miki/current-projects/m-and-j-v.2.0.1/xianyu-guide-v.3.0.3m
Chrome Hearts White Patch Sling Belt Bag (925 Silver),CellImage,560,https://www.goofish.com/item?spm=a21ybx.personal.feeds.130.26736ac2Fh0cRV&id=968239672744&categoryId=50122002,https://myia.gitbook.io/miki/current-projects/m-and-j-v.2.0.1/xianyu-guide-v.3.0.3m
Chrome Hearts Multi Mini patch Belt Bag (925 Silver),CellImage,610,https://www.goofish.com/item?spm=a21ybx.personal.feeds.136.26736ac2Fh0cRV&id=968239488399&categoryId=50122002,https://myia.gitbook.io/miki/current-projects/m-and-j-v.2.0.1/xianyu-guide-v.3.0.3m
"Chrome Hearts Star Patch Tote (Rhodium Plating, 925 Silver)",CellImage,632,https://www.goofish.com/item?spm=a21ybx.personal.feeds.145.26736ac2Fh0cRV&id=966990797095&categoryId=50122002,https://myia.gitbook.io/miki/current-projects/m-and-j-v.2.0.1/xianyu-guide-v.3.0.3m
Chrome Hearts Multi Patch belt Bag (925 Silver),CellImage,650,https://www.goofish.com/item?spm=a21ybx.personal.feeds.135.26736ac2Fh0cRV&id=967618769572&categoryId=50122002,https://myia.gitbook.io/miki/current-projects/m-and-j-v.2.0.1/xianyu-guide-v.3.0.3m
Chrome Hearts JJ Dean Leather Bag (925 Silver),CellImage,660,https://www.goofish.com/item?spm=a21ybx.personal.feeds.139.26736ac2Fh0cRV&id=869856528861&categoryId=50122002,https://myia.gitbook.io/miki/current-projects/m-and-j-v.2.0.1/xianyu-guide-v.3.0.3m
Chrome Hearts Multi Patch Mini Duffel (925 Silver),CellImage,700,https://www.goofish.com/item?spm=a21ybx.personal.feeds.185.26736ac2Fh0cRV&id=964145571971&categoryId=50122002,https://myia.gitbook.io/miki/current-projects/m-and-j-v.2.0.1/xianyu-guide-v.3.0.3m
Chrome Hearts Black Patch Mini Duffel (925 Silver),CellImage,700,https://www.goofish.com/item?spm=a21ybx.personal.feeds.186.26736ac2Fh0cRV&id=965318845664&categoryId=50122002,https://myia.gitbook.io/miki/current-projects/m-and-j-v.2.0.1/xianyu-guide-v.3.0.3m
Chrome Hearts Multi Patch Duffel (925 Silver),CellImage,700,https://www.goofish.com/item?spm=a21ybx.personal.feeds.187.26736ac2Fh0cRV&id=965932548919&categoryId=50122002,https://myia.gitbook.io/miki/current-projects/m-and-j-v.2.0.1/xianyu-guide-v.3.0.3m
Chrome Hearts White Patch Duffel (925 Silver),CellImage,700,https://www.goofish.com/item?spm=a21ybx.personal.feeds.188.26736ac2Fh0cRV&id=965305021440&categoryId=50122002,https://myia.gitbook.io/miki/current-projects/m-and-j-v.2.0.1/xianyu-guide-v.3.0.3m
"Chrome Hearts Patch Leather Bag (Rhodium Plating, 925 Silver)",CellImage,1100,https://www.goofish.com/item?spm=a21ybx.personal.feeds.142.26736ac2Fh0cRV&id=966011323695&categoryId=50122002,https://myia.gitbook.io/miki/current-projects/m-and-j-v.2.0.1/xianyu-guide-v.3.0.3m
Chrome Hearts Mini Dagger Bag in Blue,CellImage,1400,https://www.goofish.com/item?spm=a21ybx.personal.feeds.124.26736ac2Fh0cRV&id=901061008465&categoryId=50122002,https://myia.gitbook.io/miki/current-projects/m-and-j-v.2.0.1/xianyu-guide-v.3.0.3m
"Chrome Hearts
 Snat Pack Bag",CellImage,709.33,https://mulebuy.com/product?id=841170237714&platform=TAOBAO&ref=200024713&ref=200016757,"[ From -
David ]"
"Chrome Hearts
Duffle Bags",CellImage,1091.59,https://mulebuy.com/product/?shop_type=taobao&id=575647847737&platform=TAOBAO&shoptype=TAOBAO&ref=200016757,"[ From -
David ]"
You've Reached The Bottom Luv! <3,,,,